Metric,Value
average_risk,0.019838416772478624
average_ci_lower,0.01815227520492348
average_ci_upper,0.022150836979794572
