Metric,Value
average_risk,0.0005278205831133686
average_ci_lower,0.00041877158718954186
average_ci_upper,0.0006368695790372078
