Metric,Value
average_risk,0.00026610856186089953
average_ci_lower,0.0
average_ci_upper,0.0005322171237218848
