Metric,Value
average_risk,0.16831942800039806
average_ci_lower,0.1626948615595732
average_ci_upper,0.173943994441223
