Metric,Value
average_risk,0.026863689627109714
average_ci_lower,0.014259216366994995
average_ci_upper,0.05135314221885063
