File,Mean Time Taken (s),Std Time Taken (s),Mean Time per Sample,Std Time per Sample,Mean Time per 1000 Samples,Std Time per 1000 Samples
timing_2_a_fair.csv,33.8378427028656,29.165174856885542,0.0010585064523501901,0.0002124998922507261,1.058506452350252,0.21249989225073712
timing_2_a_priv.csv,16.945646584033966,4.5891238128902225,0.005354893365845734,0.0009993785904989759,5.354893365845771,0.9993785904989747
timing_2_b_fair.csv,200.82214868068695,198.5025081502688,0.00485821241766771,0.0032785838165890814,4.85821241766776,3.2785838165890726
timing_2_b_priv.csv,22.15871504545212,7.464227063258609,0.00678646668590587,0.001407788302345287,6.786466685905916,1.407788302345269
timing_total_1_a_fair.csv,20.325199882351622,17.178046509497378,0.0007339872105384478,6.891443653380862e-05,0.7339872105384979,0.06891443653380926
timing_total_1_a_priv.csv,25.321181366791077,12.107394372626656,0.006753590549987887,0.002784035137271366,6.753590549987937,2.784035137271364
timing_total_1_b_priv.csv,17.615310372977422,6.433893385246894,0.005903254146440107,0.002156130491034481,5.903254146440155,2.1561304910344816
