Metric,Value
average_risk,0.03673385781364254
average_ci_lower,0.03198227051358586
average_ci_upper,0.041485445113699344
