Metric,Value
Recall,0.8468844221105529
FAR,0.165929648241206
Precision,0.8355778894472369
Accuracy,0.8402512562814074
F1 Score,0.8387437185929655
ROC AUC,0.9102443211425263
AOD_protected,0.21286432160804017
EOD_protected,0.23492462311557796
SPD,0.026532663316582848
DI,0.03939698492462309
