Metric,Value
average_risk,0.05539878631184194
average_ci_lower,0.053655199165969295
average_ci_upper,0.05714237345771463
