Metric,Value
Recall,0.3187333333333334
FAR,0.10305555555555578
Precision,0.5207333333333335
Accuracy,0.8052666666666695
F1 Score,0.35818888888888906
ROC AUC,0.7395809023233811
AOD_protected,-0.047271448663853716
EOD_protected,-0.05122758620689654
SPD,0.11907068062827236
DI,-1.9417516629711753
