Metric,Value
Recall,0.8417241379310351
FAR,0.14310344827586222
Precision,0.8555172413793104
Accuracy,0.8496551724137934
F1 Score,0.8464367816091961
ROC AUC,0.928129392831885
AOD_protected,0.2918390804597701
EOD_protected,0.30275862068965503
SPD,0.021034482758620705
DI,0.025402298850574708
