Metric,Value
Recall,0.8200000000000001
FAR,0.1795
Precision,0.817
Accuracy,0.8205
F1 Score,0.8155000000000001
ROC AUC,0.8816677648312796
AOD_protected,-0.029500000000000005
EOD_protected,-0.04949999999999999
SPD,0.03150000000000001
DI,-0.0455
