Metric,Value
average_risk,0.04866890840362918
average_ci_lower,0.04700274698861762
average_ci_upper,0.050335069818640846
