Metric,Value
average_risk,0.05137464042401437
average_ci_lower,0.04622727355803685
average_ci_upper,0.056522007289992536
