folder_name,average_risk,std_risk,average_ci_lower,average_ci_upper,std_ci_lower,std_ci_upper
combined_test/linkability_results/combined_test/datasets/old/original,0.051374640424014455,0.12767859419201924,0.04622727355803679,0.056522007289992224,0.12389884177819883,0.13163003592056846
combined_test/linkability_results/combined_test/datasets/priv_fair_all/priv,0.05539878631184189,0.19586037244379198,0.05365519916596928,0.057142373457714606,0.19271214908707404,0.19901929586751305
combined_test/linkability_results/combined_test/datasets/priv_fair_singleouts/priv,0.04866890840362918,0.18184334395963528,0.04700274698861762,0.050335069818640825,0.1782529010665621,0.18544247261464736
combined_test/linkability_results/combined_test/datasets/priv_new/priv,0.03673385781364254,0.09551535155700419,0.03198227051358585,0.04148544511369932,0.09173090305693928,0.09955251058533512
combined_test/linkability_results/combined_test/datasets/priv_new_replaced/fair,0.007884798529694387,0.03693031211922026,0.0073060113160500675,0.008463585743338777,0.03523532139987682,0.03863003944832401
combined_test/linkability_results/combined_test/datasets/priv_new_replaced/priv,0.03530960194674,0.06527189329154898,0.030133477964099452,0.04048572592938064,0.05938122597360769,0.07128264802514843
